{"cameraMode":{"drawMode":0,"name":"Shaded","section":"Shading Mode"},"sceneLighting":true,"audioPlay":false,"sceneViewState":{"m_AlwaysRefresh":true,"showFog":true,"showSkybox":true,"showFlares":true,"showImageEffects":true,"showParticleSystems":true,"showVisualEffectGraphs":true,"m_FxEnabled":true},"in2DMode":false,"pivot":{"x":-3.526461601257324,"y":1.1331090927124024,"z":-12.681916236877442},"rotation":{"x":-0.06873168051242829,"y":0.9295060038566589,"z":-0.22481690347194673,"w":-0.28417131304740908},"size":4.7213945388793949,"orthographic":false}